﻿<?xml version="1.0"?>
<!-- <!DOCTYPE Chapters SYSTEM "matroskachapters.dtd"> -->
<Chapters>
  <EditionEntry>
    <EditionUID>12462571816890412045</EditionUID>
    <ChapterAtom>
      <ChapterTimeStart>00:00:00.000000000</ChapterTimeStart>
      <ChapterUID>8119530873379691349</ChapterUID>
      <ChapterDisplay>
        <ChapterString>Prólogo</ChapterString>
        <ChapterLanguage>por</ChapterLanguage>
      </ChapterDisplay>
    </ChapterAtom>
    <ChapterAtom>
      <ChapterTimeStart>00:00:15.015000000</ChapterTimeStart>
      <ChapterUID>298639354242064460</ChapterUID>
      <ChapterDisplay>
        <ChapterString>Abertura</ChapterString>
        <ChapterLanguage>por</ChapterLanguage>
      </ChapterDisplay>
    </ChapterAtom>
    <ChapterAtom>
      <ChapterTimeStart>00:01:45.022000000</ChapterTimeStart>
      <ChapterUID>11775858221061796674</ChapterUID>
      <ChapterDisplay>
        <ChapterString>Parte A</ChapterString>
        <ChapterLanguage>por</ChapterLanguage>
      </ChapterDisplay>
    </ChapterAtom>
    <ChapterAtom>
      <ChapterTimeStart>00:10:44.519000000</ChapterTimeStart>
      <ChapterUID>11627776753123587302</ChapterUID>
      <ChapterDisplay>
        <ChapterString>Parte B</ChapterString>
        <ChapterLanguage>por</ChapterLanguage>
      </ChapterDisplay>
    </ChapterAtom>
    <ChapterAtom>
      <ChapterTimeStart>00:22:09.995000000</ChapterTimeStart>
      <ChapterUID>12261228600931326133</ChapterUID>
      <ChapterDisplay>
        <ChapterString>Encerramento</ChapterString>
        <ChapterLanguage>por</ChapterLanguage>
      </ChapterDisplay>
    </ChapterAtom>
    <ChapterAtom>
      <ChapterTimeStart>00:23:36.749000000</ChapterTimeStart>
      <ChapterUID>12195790241565472592</ChapterUID>
      <ChapterDisplay>
        <ChapterString>Prévia</ChapterString>
        <ChapterLanguage>por</ChapterLanguage>
      </ChapterDisplay>
    </ChapterAtom>
  </EditionEntry>
</Chapters>
