﻿<?xml version="1.0"?>
<!-- <!DOCTYPE Chapters SYSTEM "matroskachapters.dtd"> -->
<Chapters>
  <EditionEntry>
    <EditionUID>2583138002286815090</EditionUID>
    <ChapterAtom>
      <ChapterTimeStart>00:00:00.000000000</ChapterTimeStart>
      <ChapterUID>4049119048041512830</ChapterUID>
      <ChapterDisplay>
        <ChapterString>Prólogo</ChapterString>
        <ChapLanguageIETF>pt</ChapLanguageIETF>
        <ChapterLanguage>por</ChapterLanguage>
      </ChapterDisplay>
    </ChapterAtom>
    <ChapterAtom>
      <ChapterTimeStart>00:01:03.021000000</ChapterTimeStart>
      <ChapterUID>14802156563988212718</ChapterUID>
      <ChapterDisplay>
        <ChapterString>Abertura - Distance</ChapterString>
        <ChapLanguageIETF>pt</ChapLanguageIETF>
        <ChapterLanguage>por</ChapterLanguage>
      </ChapterDisplay>
    </ChapterAtom>
    <ChapterAtom>
      <ChapterTimeStart>00:02:33.028000000</ChapterTimeStart>
      <ChapterUID>17569206181551237826</ChapterUID>
      <ChapterDisplay>
        <ChapterString>Parte A</ChapterString>
        <ChapLanguageIETF>pt</ChapLanguageIETF>
        <ChapterLanguage>por</ChapterLanguage>
      </ChapterDisplay>
    </ChapterAtom>
    <ChapterAtom>
      <ChapterTimeStart>00:06:53.955000000</ChapterTimeStart>
      <ChapterUID>14173491110751301150</ChapterUID>
      <ChapterDisplay>
        <ChapterString>Parte B</ChapterString>
        <ChapLanguageIETF>pt</ChapLanguageIETF>
        <ChapterLanguage>por</ChapterLanguage>
      </ChapterDisplay>
    </ChapterAtom>
    <ChapterAtom>
      <ChapterTimeStart>00:15:46.487000000</ChapterTimeStart>
      <ChapterUID>8256783534578329144</ChapterUID>
      <ChapterDisplay>
        <ChapterString>Parte C</ChapterString>
        <ChapLanguageIETF>pt</ChapLanguageIETF>
        <ChapterLanguage>por</ChapterLanguage>
      </ChapterDisplay>
    </ChapterAtom>
    <ChapterAtom>
      <ChapterTimeStart>00:22:05.991000000</ChapterTimeStart>
      <ChapterUID>13395674356631925836</ChapterUID>
      <ChapterDisplay>
        <ChapterString>Encerramento - Sake to Ikura to 893 to Musume</ChapterString>
        <ChapLanguageIETF>pt</ChapLanguageIETF>
        <ChapterLanguage>por</ChapterLanguage>
      </ChapterDisplay>
    </ChapterAtom>
    <ChapterAtom>
      <ChapterTimeStart>00:23:35.998000000</ChapterTimeStart>
      <ChapterUID>9542479845108186890</ChapterUID>
      <ChapterDisplay>
        <ChapterString>Prévia</ChapterString>
        <ChapLanguageIETF>pt</ChapLanguageIETF>
        <ChapterLanguage>por</ChapterLanguage>
      </ChapterDisplay>
    </ChapterAtom>
  </EditionEntry>
</Chapters>
