﻿<?xml version="1.0"?>
<!-- <!DOCTYPE Chapters SYSTEM "matroskachapters.dtd"> -->
<Chapters>
  <EditionEntry>
    <EditionUID>1548860184</EditionUID>
    <EditionFlagDefault>1</EditionFlagDefault>
    <EditionFlagOrdered>0</EditionFlagOrdered>
    <EditionFlagHidden>0</EditionFlagHidden>
    <ChapterAtom>
      <ChapterUID>1148680398</ChapterUID>
      <ChapterTimeStart>00:00:00.000000000</ChapterTimeStart>
      <ChapterDisplay>
        <ChapterString>Abertura</ChapterString>
        <ChapterLanguage>por</ChapterLanguage>
        <ChapLanguageIETF>pt</ChapLanguageIETF>
      </ChapterDisplay>
    </ChapterAtom>
    <ChapterAtom>
      <ChapterUID>713995964</ChapterUID>
      <ChapterTimeStart>00:01:31.049000000</ChapterTimeStart>
      <ChapterDisplay>
        <ChapterString>Parte A</ChapterString>
        <ChapterLanguage>eng</ChapterLanguage>
        <ChapLanguageIETF>en</ChapLanguageIETF>
      </ChapterDisplay>
    </ChapterAtom>
    <ChapterAtom>
      <ChapterUID>2084790187</ChapterUID>
      <ChapterTimeStart>00:12:21.074000000</ChapterTimeStart>
      <ChapterDisplay>
        <ChapterString>Parte B</ChapterString>
        <ChapterLanguage>por</ChapterLanguage>
        <ChapLanguageIETF>pt</ChapLanguageIETF>
      </ChapterDisplay>
    </ChapterAtom>
    <ChapterAtom>
      <ChapterUID>671242108</ChapterUID>
      <ChapterTimeStart>00:22:06.033000000</ChapterTimeStart>
      <ChapterDisplay>
        <ChapterString>Encerramento</ChapterString>
        <ChapterLanguage>por</ChapterLanguage>
        <ChapLanguageIETF>pt</ChapLanguageIETF>
      </ChapterDisplay>
    </ChapterAtom>
    <ChapterAtom>
      <ChapterUID>1328807932</ChapterUID>
      <ChapterTimeStart>00:23:36.081000000</ChapterTimeStart>
      <ChapterDisplay>
        <ChapterString>Prévia</ChapterString>
        <ChapterLanguage>por</ChapterLanguage>
        <ChapLanguageIETF>pt</ChapLanguageIETF>
      </ChapterDisplay>
    </ChapterAtom>
  </EditionEntry>
</Chapters>
