﻿<?xml version="1.0"?>
<!-- <!DOCTYPE Chapters SYSTEM "matroskachapters.dtd"> -->
<Chapters>
  <EditionEntry>
    <EditionFlagHidden>0</EditionFlagHidden>
    <EditionFlagDefault>0</EditionFlagDefault>
    <EditionUID>4830734056754143218</EditionUID>
    <ChapterAtom>
      <ChapterUID>10467077747618507219</ChapterUID>
      <ChapterTimeStart>00:00:00.000000000</ChapterTimeStart>
      <ChapterDisplay>
        <ChapterString>Abertura</ChapterString>
        <ChapterLanguage>por</ChapterLanguage>
      </ChapterDisplay>
    </ChapterAtom>
    <ChapterAtom>
      <ChapterUID>12812519003808356510</ChapterUID>
      <ChapterTimeStart>00:01:30.048000000</ChapterTimeStart>
      <ChapterDisplay>
        <ChapterString>Parte A</ChapterString>
        <ChapterLanguage>por</ChapterLanguage>
      </ChapterDisplay>
    </ChapterAtom>
    <ChapterAtom>
      <ChapterUID>6553647087390781052</ChapterUID>
      <ChapterTimeStart>00:10:56.072000000</ChapterTimeStart>
      <ChapterDisplay>
        <ChapterString>Parte B</ChapterString>
        <ChapterLanguage>por</ChapterLanguage>
      </ChapterDisplay>
    </ChapterAtom>
    <ChapterAtom>
      <ChapterUID>16564157139150810718</ChapterUID>
      <ChapterTimeStart>00:22:05.074000000</ChapterTimeStart>
      <ChapterDisplay>
        <ChapterString>Encerramento</ChapterString>
        <ChapterLanguage>por</ChapterLanguage>
      </ChapterDisplay>
    </ChapterAtom>
    <ChapterAtom>
      <ChapterUID>3583373064318468395</ChapterUID>
      <ChapterTimeStart>00:23:35.122000000</ChapterTimeStart>
      <ChapterDisplay>
        <ChapterString>Prévia</ChapterString>
        <ChapterLanguage>por</ChapterLanguage>
      </ChapterDisplay>
    </ChapterAtom>
  </EditionEntry>
</Chapters>
