﻿<?xml version="1.0"?>
<!-- <!DOCTYPE Chapters SYSTEM "matroskachapters.dtd"> -->
<Chapters>
  <EditionEntry>
    <EditionUID>10794210507441741098</EditionUID>
    <ChapterAtom>
      <ChapterTimeStart>00:00:00.000000000</ChapterTimeStart>
      <ChapterUID>4773387648631378046</ChapterUID>
      <ChapterDisplay>
        <ChapterString>Abertura</ChapterString>
        <ChapterLanguage>por</ChapterLanguage>
      </ChapterDisplay>
    </ChapterAtom>
    <ChapterAtom>
      <ChapterTimeStart>00:01:30.048000000</ChapterTimeStart>
      <ChapterUID>12060677901821215588</ChapterUID>
      <ChapterDisplay>
        <ChapterString>Parte A</ChapterString>
        <ChapterLanguage>por</ChapterLanguage>
      </ChapterDisplay>
    </ChapterAtom>
    <ChapterAtom>
      <ChapterTimeStart>00:10:55.072000000</ChapterTimeStart>
      <ChapterUID>8001112530924433124</ChapterUID>
      <ChapterDisplay>
        <ChapterString>Parte B</ChapterString>
        <ChapterLanguage>por</ChapterLanguage>
      </ChapterDisplay>
    </ChapterAtom>
    <ChapterAtom>
      <ChapterTimeStart>00:22:05.075000000</ChapterTimeStart>
      <ChapterUID>3592916392379714443</ChapterUID>
      <ChapterDisplay>
        <ChapterString>Encerramento</ChapterString>
        <ChapterLanguage>por</ChapterLanguage>
      </ChapterDisplay>
    </ChapterAtom>
  </EditionEntry>
</Chapters>
