﻿<?xml version="1.0"?>
<!-- <!DOCTYPE Chapters SYSTEM "matroskachapters.dtd"> -->
<Chapters>
  <EditionEntry>
    <EditionUID>8483476533581217926</EditionUID>
    <ChapterAtom>
      <ChapterUID>3777296352986563720</ChapterUID>
      <ChapterTimeStart>00:00:00.000000000</ChapterTimeStart>
      <ChapterDisplay>
        <ChapterString>Prólogo</ChapterString>
        <ChapterLanguage>und</ChapterLanguage>
        <ChapLanguageIETF>und</ChapLanguageIETF>
      </ChapterDisplay>
    </ChapterAtom>
    <ChapterAtom>
      <ChapterUID>2107800223789364909</ChapterUID>
      <ChapterTimeStart>00:10:32.298000000</ChapterTimeStart>
      <ChapterDisplay>
        <ChapterString>Filme</ChapterString>
        <ChapterLanguage>und</ChapterLanguage>
        <ChapLanguageIETF>und</ChapLanguageIETF>
      </ChapterDisplay>
    </ChapterAtom>
    <ChapterAtom>
      <ChapterUID>17207725990257335710</ChapterUID>
      <ChapterTimeStart>02:12:49.378000000</ChapterTimeStart>
      <ChapterDisplay>
        <ChapterString>Encerramento</ChapterString>
        <ChapterLanguage>und</ChapterLanguage>
        <ChapLanguageIETF>und</ChapLanguageIETF>
      </ChapterDisplay>
    </ChapterAtom>
  </EditionEntry>
</Chapters>
