﻿<?xml version="1.0"?>
<!-- <!DOCTYPE Chapters SYSTEM "matroskachapters.dtd"> -->
<Chapters>
  <EditionEntry>
    <EditionFlagHidden>0</EditionFlagHidden>
    <EditionFlagDefault>0</EditionFlagDefault>
    <EditionUID>18306122213403478715</EditionUID>
    <ChapterAtom>
      <ChapterUID>3408986734561472165</ChapterUID>
      <ChapterTimeStart>00:00:00.000000000</ChapterTimeStart>
      <ChapterFlagHidden>0</ChapterFlagHidden>
      <ChapterFlagEnabled>1</ChapterFlagEnabled>
      <ChapterDisplay>
        <ChapterString>Abertura</ChapterString>
        <ChapterLanguage>por</ChapterLanguage>
        <ChapterCountry>br</ChapterCountry>
      </ChapterDisplay>
    </ChapterAtom>
    <ChapterAtom>
      <ChapterUID>6576685205685528757</ChapterUID>
      <ChapterTimeStart>00:01:31.024000000</ChapterTimeStart>
      <ChapterFlagHidden>0</ChapterFlagHidden>
      <ChapterFlagEnabled>1</ChapterFlagEnabled>
      <ChapterDisplay>
        <ChapterString>Episódio</ChapterString>
        <ChapterLanguage>por</ChapterLanguage>
        <ChapterCountry>br</ChapterCountry>
      </ChapterDisplay>
    </ChapterAtom>
    <ChapterAtom>
      <ChapterUID>16420443639018787999</ChapterUID>
      <ChapterTimeStart>00:11:15.608000000</ChapterTimeStart>
      <ChapterFlagHidden>0</ChapterFlagHidden>
      <ChapterFlagEnabled>1</ChapterFlagEnabled>
      <ChapterDisplay>
        <ChapterString>Créditos</ChapterString>
        <ChapterLanguage>por</ChapterLanguage>
        <ChapterCountry>br</ChapterCountry>
      </ChapterDisplay>
    </ChapterAtom>
  </EditionEntry>
</Chapters>
