﻿<?xml version="1.0"?>
<!-- <!DOCTYPE Chapters SYSTEM "matroskachapters.dtd"> -->
<Chapters>
  <EditionEntry>
    <EditionFlagHidden>0</EditionFlagHidden>
    <EditionFlagDefault>0</EditionFlagDefault>
    <EditionUID>2973591543057501323</EditionUID>
    <ChapterAtom>
      <ChapterUID>6076509175305887409</ChapterUID>
      <ChapterTimeStart>00:00:00.000000000</ChapterTimeStart>
      <ChapterFlagHidden>0</ChapterFlagHidden>
      <ChapterFlagEnabled>1</ChapterFlagEnabled>
      <ChapterDisplay>
        <ChapterString>Prólogo</ChapterString>
        <ChapterLanguage>por</ChapterLanguage>
        <ChapterCountry>br</ChapterCountry>
      </ChapterDisplay>
    </ChapterAtom>
    <ChapterAtom>
      <ChapterUID>9709790493219223460</ChapterUID>
      <ChapterTimeStart>00:03:08.021000000</ChapterTimeStart>
      <ChapterFlagHidden>0</ChapterFlagHidden>
      <ChapterFlagEnabled>1</ChapterFlagEnabled>
      <ChapterDisplay>
        <ChapterString>Parte A</ChapterString>
        <ChapterLanguage>por</ChapterLanguage>
        <ChapterCountry>br</ChapterCountry>
      </ChapterDisplay>
    </ChapterAtom>
    <ChapterAtom>
      <ChapterUID>6104621562587898767</ChapterUID>
      <ChapterTimeStart>00:08:03.941000000</ChapterTimeStart>
      <ChapterFlagHidden>0</ChapterFlagHidden>
      <ChapterFlagEnabled>1</ChapterFlagEnabled>
      <ChapterDisplay>
        <ChapterString>Parte B</ChapterString>
        <ChapterLanguage>por</ChapterLanguage>
        <ChapterCountry>br</ChapterCountry>
      </ChapterDisplay>
    </ChapterAtom>
    <ChapterAtom>
      <ChapterUID>14164893138589819292</ChapterUID>
      <ChapterTimeStart>00:19:40.928000000</ChapterTimeStart>
      <ChapterFlagHidden>0</ChapterFlagHidden>
      <ChapterFlagEnabled>1</ChapterFlagEnabled>
      <ChapterDisplay>
        <ChapterString>Encerramento</ChapterString>
        <ChapterLanguage>por</ChapterLanguage>
        <ChapterCountry>br</ChapterCountry>
      </ChapterDisplay>
    </ChapterAtom>
    <ChapterAtom>
      <ChapterUID>10048607611808403123</ChapterUID>
      <ChapterTimeStart>00:21:11.143000000</ChapterTimeStart>
      <ChapterFlagHidden>0</ChapterFlagHidden>
      <ChapterFlagEnabled>1</ChapterFlagEnabled>
      <ChapterDisplay>
        <ChapterString>Epílogo</ChapterString>
        <ChapterLanguage>por</ChapterLanguage>
        <ChapterCountry>br</ChapterCountry>
      </ChapterDisplay>
    </ChapterAtom>
  </EditionEntry>
</Chapters>
