﻿<?xml version="1.0"?>
<!-- <!DOCTYPE Chapters SYSTEM "matroskachapters.dtd"> -->
<Chapters>
  <EditionEntry>
    <EditionUID>6722855839642054572</EditionUID>
    <ChapterAtom>
      <ChapterTimeStart>00:00:00.000000000</ChapterTimeStart>
      <ChapterUID>14080218038016970391</ChapterUID>
      <ChapterDisplay>
        <ChapterString>Abertura - Tabi no Tochuu</ChapterString>
        <ChapterLanguage>por</ChapterLanguage>
        <ChapterCountry>br</ChapterCountry>
        <ChapLanguageIETF>pt-BR</ChapLanguageIETF>
      </ChapterDisplay>
    </ChapterAtom>
    <ChapterAtom>
      <ChapterTimeStart>00:01:30.006577777</ChapterTimeStart>
      <ChapterUID>15478176491677893815</ChapterUID>
      <ChapterDisplay>
        <ChapterString>Parte A</ChapterString>
        <ChapterLanguage>por</ChapterLanguage>
        <ChapterCountry>br</ChapterCountry>
        <ChapLanguageIETF>pt-BR</ChapLanguageIETF>
      </ChapterDisplay>
    </ChapterAtom>
    <ChapterAtom>
      <ChapterTimeStart>00:09:36.033777777</ChapterTimeStart>
      <ChapterUID>5759605997031179162</ChapterUID>
      <ChapterDisplay>
        <ChapterString>Parte B</ChapterString>
        <ChapterLanguage>por</ChapterLanguage>
        <ChapterCountry>br</ChapterCountry>
        <ChapLanguageIETF>pt-BR</ChapLanguageIETF>
      </ChapterDisplay>
    </ChapterAtom>
    <ChapterAtom>
      <ChapterTimeStart>00:22:09.995333333</ChapterTimeStart>
      <ChapterUID>1056703980693756289</ChapterUID>
      <ChapterDisplay>
        <ChapterString>Encerramento - Ringo Biyori</ChapterString>
        <ChapterLanguage>por</ChapterLanguage>
        <ChapterCountry>br</ChapterCountry>
        <ChapLanguageIETF>pt-BR</ChapLanguageIETF>
      </ChapterDisplay>
    </ChapterAtom>
    <ChapterAtom>
      <ChapterTimeStart>00:23:40.001911111</ChapterTimeStart>
      <ChapterUID>12111781402552497536</ChapterUID>
      <ChapterDisplay>
        <ChapterString>Prévia</ChapterString>
        <ChapterLanguage>por</ChapterLanguage>
        <ChapterCountry>br</ChapterCountry>
        <ChapLanguageIETF>pt-BR</ChapLanguageIETF>
      </ChapterDisplay>
    </ChapterAtom>
  </EditionEntry>
</Chapters>
