﻿<?xml version="1.0"?>
<!-- <!DOCTYPE Chapters SYSTEM "matroskachapters.dtd"> -->
<Chapters>
  <EditionEntry>
    <EditionUID>11817765177858532493</EditionUID>
    <ChapterAtom>
      <ChapterTimeStart>00:00:00.000000000</ChapterTimeStart>
      <ChapterUID>4721345859463165887</ChapterUID>
      <ChapterDisplay>
        <ChapterString>Abertura - Tabi no Tochuu</ChapterString>
        <ChapterLanguage>por</ChapterLanguage>
        <ChapterCountry>br</ChapterCountry>
        <ChapLanguageIETF>pt-BR</ChapLanguageIETF>
      </ChapterDisplay>
    </ChapterAtom>
    <ChapterAtom>
      <ChapterTimeStart>00:01:30.007488888</ChapterTimeStart>
      <ChapterUID>16834951019321890976</ChapterUID>
      <ChapterDisplay>
        <ChapterString>Parte A</ChapterString>
        <ChapterLanguage>por</ChapterLanguage>
        <ChapterCountry>br</ChapterCountry>
        <ChapLanguageIETF>pt-BR</ChapLanguageIETF>
      </ChapterDisplay>
    </ChapterAtom>
    <ChapterAtom>
      <ChapterTimeStart>00:09:10.008688888</ChapterTimeStart>
      <ChapterUID>8050190865759082925</ChapterUID>
      <ChapterDisplay>
        <ChapterString>Parte B</ChapterString>
        <ChapterLanguage>por</ChapterLanguage>
        <ChapterCountry>br</ChapterCountry>
        <ChapLanguageIETF>pt-BR</ChapLanguageIETF>
      </ChapterDisplay>
    </ChapterAtom>
    <ChapterAtom>
      <ChapterTimeStart>00:22:09.996244444</ChapterTimeStart>
      <ChapterUID>7496027937245960089</ChapterUID>
      <ChapterDisplay>
        <ChapterString>Encerramento - Ringo Biyori</ChapterString>
        <ChapterLanguage>por</ChapterLanguage>
        <ChapterCountry>br</ChapterCountry>
        <ChapLanguageIETF>pt-BR</ChapLanguageIETF>
      </ChapterDisplay>
    </ChapterAtom>
    <ChapterAtom>
      <ChapterTimeStart>00:23:40.002822222</ChapterTimeStart>
      <ChapterUID>11421147650464598181</ChapterUID>
      <ChapterDisplay>
        <ChapterString>Prévia</ChapterString>
        <ChapterLanguage>por</ChapterLanguage>
        <ChapterCountry>br</ChapterCountry>
        <ChapLanguageIETF>pt-BR</ChapLanguageIETF>
      </ChapterDisplay>
    </ChapterAtom>
  </EditionEntry>
</Chapters>
