﻿<?xml version="1.0"?>
<!-- <!DOCTYPE Chapters SYSTEM "matroskachapters.dtd"> -->
<Chapters>
  <EditionEntry>
    <EditionUID>301554256</EditionUID>
    <EditionFlagDefault>1</EditionFlagDefault>
    <EditionFlagOrdered>0</EditionFlagOrdered>
    <EditionFlagHidden>0</EditionFlagHidden>
    <ChapterAtom>
      <ChapterUID>990517799</ChapterUID>
      <ChapterTimeStart>00:00:00.000000000</ChapterTimeStart>
      <ChapterDisplay>
        <ChapterString>Abertura</ChapterString>
        <ChapterLanguage>por</ChapterLanguage>
        <ChapLanguageIETF>pt</ChapLanguageIETF>
      </ChapterDisplay>
    </ChapterAtom>
    <ChapterAtom>
      <ChapterUID>2000584401</ChapterUID>
      <ChapterTimeStart>00:01:31.008000000</ChapterTimeStart>
      <ChapterDisplay>
        <ChapterString>Parte A</ChapterString>
        <ChapterLanguage>por</ChapterLanguage>
        <ChapLanguageIETF>pt</ChapLanguageIETF>
      </ChapterDisplay>
    </ChapterAtom>
    <ChapterAtom>
      <ChapterUID>1524824044</ChapterUID>
      <ChapterTimeStart>00:12:05.058000000</ChapterTimeStart>
      <ChapterDisplay>
        <ChapterString>Parte B</ChapterString>
        <ChapterLanguage>por</ChapterLanguage>
        <ChapLanguageIETF>pt</ChapLanguageIETF>
      </ChapterDisplay>
    </ChapterAtom>
    <ChapterAtom>
      <ChapterUID>529550605</ChapterUID>
      <ChapterTimeStart>00:22:05.074000000</ChapterTimeStart>
      <ChapterDisplay>
        <ChapterString>Encerramento</ChapterString>
        <ChapterLanguage>por</ChapterLanguage>
        <ChapLanguageIETF>pt</ChapLanguageIETF>
      </ChapterDisplay>
    </ChapterAtom>
    <ChapterAtom>
      <ChapterUID>1147434347</ChapterUID>
      <ChapterTimeStart>00:23:36.081000000</ChapterTimeStart>
      <ChapterDisplay>
        <ChapterString>Prévia</ChapterString>
        <ChapterLanguage>por</ChapterLanguage>
        <ChapLanguageIETF>pt</ChapLanguageIETF>
      </ChapterDisplay>
    </ChapterAtom>
  </EditionEntry>
</Chapters>
