﻿<?xml version="1.0"?>
<!-- <!DOCTYPE Chapters SYSTEM "matroskachapters.dtd"> -->
<Chapters>
  <EditionEntry>
    <EditionUID>11345323660083495049</EditionUID>
    <ChapterAtom>
      <ChapterTimeStart>00:00:00.000000000</ChapterTimeStart>
      <ChapterUID>5746659258171376307</ChapterUID>
      <ChapterDisplay>
        <ChapterString>Intro</ChapterString>
        <ChapterLanguage>por</ChapterLanguage>
        <ChapLanguageIETF>pt-BR</ChapLanguageIETF>
      </ChapterDisplay>
    </ChapterAtom>
    <ChapterAtom>
      <ChapterTimeStart>00:01:20.998000000</ChapterTimeStart>
      <ChapterUID>8389809001921330876</ChapterUID>
      <ChapterDisplay>
        <ChapterString>Abertura - Kimama na Tenshitachi</ChapterString>
        <ChapterLanguage>por</ChapterLanguage>
        <ChapLanguageIETF>pt-BR</ChapLanguageIETF>
      </ChapterDisplay>
    </ChapterAtom>
    <ChapterAtom>
      <ChapterTimeStart>00:02:51.046000000</ChapterTimeStart>
      <ChapterUID>196533070200237896</ChapterUID>
      <ChapterDisplay>
        <ChapterString>Parte A</ChapterString>
        <ChapterLanguage>por</ChapterLanguage>
        <ChapLanguageIETF>pt-BR</ChapLanguageIETF>
      </ChapterDisplay>
    </ChapterAtom>
    <ChapterAtom>
      <ChapterTimeStart>00:09:35.075000000</ChapterTimeStart>
      <ChapterUID>16578290279200923949</ChapterUID>
      <ChapterDisplay>
        <ChapterString>Parte B</ChapterString>
        <ChapterLanguage>por</ChapterLanguage>
        <ChapLanguageIETF>pt-BR</ChapLanguageIETF>
      </ChapterDisplay>
    </ChapterAtom>
    <ChapterAtom>
      <ChapterTimeStart>00:21:11.020000000</ChapterTimeStart>
      <ChapterUID>7909267165249778738</ChapterUID>
      <ChapterDisplay>
        <ChapterString>Encerramento - Happy Happy Friends</ChapterString>
        <ChapterLanguage>por</ChapterLanguage>
        <ChapLanguageIETF>pt-BR</ChapLanguageIETF>
      </ChapterDisplay>
    </ChapterAtom>
    <ChapterAtom>
      <ChapterTimeStart>00:22:40.067000000</ChapterTimeStart>
      <ChapterUID>15246543744746847701</ChapterUID>
      <ChapterDisplay>
        <ChapterString>Epílogo</ChapterString>
        <ChapterLanguage>por</ChapterLanguage>
        <ChapLanguageIETF>pt-BR</ChapLanguageIETF>
      </ChapterDisplay>
    </ChapterAtom>
    <ChapterAtom>
      <ChapterTimeStart>00:23:24.028000000</ChapterTimeStart>
      <ChapterUID>80495584306222996</ChapterUID>
      <ChapterDisplay>
        <ChapterString>Prévia</ChapterString>
        <ChapterLanguage>por</ChapterLanguage>
        <ChapLanguageIETF>pt-BR</ChapLanguageIETF>
      </ChapterDisplay>
    </ChapterAtom>
  </EditionEntry>
</Chapters>
