﻿<?xml version="1.0"?>
<!-- <!DOCTYPE Chapters SYSTEM "matroskachapters.dtd"> -->
<Chapters>
  <EditionEntry>
    <EditionUID>15090298198675852222</EditionUID>
    <ChapterAtom>
      <ChapterTimeStart>00:00:00.000000000</ChapterTimeStart>
      <ChapterUID>11415450533043012380</ChapterUID>
      <ChapterDisplay>
        <ChapterString>Prólogo</ChapterString>
        <ChapterLanguage>por</ChapterLanguage>
        <ChapLanguageIETF>pt-BR</ChapLanguageIETF>
      </ChapterDisplay>
    </ChapterAtom>
    <ChapterAtom>
      <ChapterTimeStart>00:02:41.036000000</ChapterTimeStart>
      <ChapterUID>4254516282044375203</ChapterUID>
      <ChapterDisplay>
        <ChapterString>Parte A</ChapterString>
        <ChapterLanguage>por</ChapterLanguage>
        <ChapLanguageIETF>pt-BR</ChapLanguageIETF>
      </ChapterDisplay>
    </ChapterAtom>
    <ChapterAtom>
      <ChapterTimeStart>00:14:36.043000000</ChapterTimeStart>
      <ChapterUID>2502733403114757470</ChapterUID>
      <ChapterDisplay>
        <ChapterString>Parte B</ChapterString>
        <ChapterLanguage>por</ChapterLanguage>
        <ChapLanguageIETF>pt-BR</ChapLanguageIETF>
      </ChapterDisplay>
    </ChapterAtom>
    <ChapterAtom>
      <ChapterTimeStart>00:20:53.002000000</ChapterTimeStart>
      <ChapterUID>4666950566286680836</ChapterUID>
      <ChapterDisplay>
        <ChapterString>Encerramento - Kimama na Tenshitachi</ChapterString>
        <ChapterLanguage>por</ChapterLanguage>
        <ChapLanguageIETF>pt-BR</ChapLanguageIETF>
      </ChapterDisplay>
    </ChapterAtom>
    <ChapterAtom>
      <ChapterTimeStart>00:22:23.050000000</ChapterTimeStart>
      <ChapterUID>13456627345221514085</ChapterUID>
      <ChapterDisplay>
        <ChapterString>Epílogo</ChapterString>
        <ChapterLanguage>por</ChapterLanguage>
        <ChapLanguageIETF>pt-BR</ChapLanguageIETF>
      </ChapterDisplay>
    </ChapterAtom>
    <ChapterAtom>
      <ChapterTimeStart>00:23:24.987000000</ChapterTimeStart>
      <ChapterUID>13474126168842586345</ChapterUID>
      <ChapterDisplay>
        <ChapterString>Prévia</ChapterString>
        <ChapterLanguage>por</ChapterLanguage>
        <ChapLanguageIETF>pt-BR</ChapLanguageIETF>
      </ChapterDisplay>
    </ChapterAtom>
  </EditionEntry>
</Chapters>
