﻿<?xml version="1.0"?>
<!-- <!DOCTYPE Chapters SYSTEM "matroskachapters.dtd"> -->
<Chapters>
  <EditionEntry>
    <EditionUID>11345323660083495049</EditionUID>
    <ChapterAtom>
      <ChapterTimeStart>00:00:00.000000000</ChapterTimeStart>
      <ChapterUID>1001</ChapterUID>
      <ChapterDisplay>
        <ChapterString>Abertura - Kimama na Tenshitachi</ChapterString>
        <ChapterLanguage>por</ChapterLanguage>
        <ChapLanguageIETF>pt</ChapLanguageIETF>
      </ChapterDisplay>
    </ChapterAtom>
    <ChapterAtom>
      <ChapterTimeStart>00:01:30.007000000</ChapterTimeStart>
      <ChapterUID>10001</ChapterUID>
      <ChapterDisplay>
        <ChapterString>EP01</ChapterString>
        <ChapterLanguage>por</ChapterLanguage>
        <ChapLanguageIETF>pt</ChapLanguageIETF>
      </ChapterDisplay>
    </ChapterAtom>
    <ChapterAtom>
      <ChapterTimeStart>00:11:27.937000000</ChapterTimeStart>
      <ChapterUID>100001</ChapterUID>
      <ChapterDisplay>
        <ChapterString>EP02</ChapterString>
        <ChapterLanguage>por</ChapterLanguage>
        <ChapLanguageIETF>pt</ChapLanguageIETF>
      </ChapterDisplay>
    </ChapterAtom>
    <ChapterAtom>
      <ChapterTimeStart>00:12:28.289000000</ChapterTimeStart>
      <ChapterUID>1000001</ChapterUID>
      <ChapterDisplay>
        <ChapterString>EP03</ChapterString>
        <ChapterLanguage>por</ChapterLanguage>
        <ChapLanguageIETF>pt</ChapLanguageIETF>
      </ChapterDisplay>
    </ChapterAtom>
    <ChapterAtom>
      <ChapterTimeStart>00:18:58.262000000</ChapterTimeStart>
      <ChapterUID>10000001</ChapterUID>
      <ChapterDisplay>
        <ChapterString>EP04</ChapterString>
        <ChapterLanguage>por</ChapterLanguage>
        <ChapLanguageIETF>pt</ChapLanguageIETF>
      </ChapterDisplay>
    </ChapterAtom>
    <ChapterAtom>
      <ChapterTimeStart>00:21:11.020000000</ChapterTimeStart>
      <ChapterUID>100000001</ChapterUID>
      <ChapterDisplay>
        <ChapterString>Encerramento - Happy Happy Friends</ChapterString>
        <ChapterLanguage>por</ChapterLanguage>
        <ChapLanguageIETF>pt</ChapLanguageIETF>
      </ChapterDisplay>
    </ChapterAtom>
  </EditionEntry>
</Chapters>
