﻿<?xml version="1.0"?>
<!-- <!DOCTYPE Chapters SYSTEM "matroskachapters.dtd"> -->
<Chapters>
  <EditionEntry>
    <EditionFlagHidden>0</EditionFlagHidden>
    <EditionFlagDefault>0</EditionFlagDefault>
    <EditionUID>3017122495556358060</EditionUID>
    <ChapterAtom>
      <ChapterUID>14534542766485975207</ChapterUID>
      <ChapterTimeStart>00:00:00.000000000</ChapterTimeStart>
      <ChapterDisplay>
        <ChapterString>Abertura</ChapterString>
        <ChapterLanguage>und</ChapterLanguage>
      </ChapterDisplay>
    </ChapterAtom>
    <ChapterAtom>
      <ChapterUID>3861934239285884824</ChapterUID>
      <ChapterTimeStart>00:01:30.024000000</ChapterTimeStart>
      <ChapterDisplay>
        <ChapterString>Parte A</ChapterString>
        <ChapterLanguage>und</ChapterLanguage>
      </ChapterDisplay>
    </ChapterAtom>
    <ChapterAtom>
      <ChapterUID>11867839259403108751</ChapterUID>
      <ChapterTimeStart>00:10:39.040000000</ChapterTimeStart>
      <ChapterDisplay>
        <ChapterString>Parte B</ChapterString>
        <ChapterLanguage>und</ChapterLanguage>
      </ChapterDisplay>
    </ChapterAtom>
    <ChapterAtom>
      <ChapterUID>2477839924499277237</ChapterUID>
      <ChapterTimeStart>00:21:04.999000000</ChapterTimeStart>
      <ChapterDisplay>
        <ChapterString>Encerramento</ChapterString>
        <ChapterLanguage>und</ChapterLanguage>
      </ChapterDisplay>
    </ChapterAtom>
    <ChapterAtom>
      <ChapterUID>5184724223040002435</ChapterUID>
      <ChapterTimeStart>00:22:35.023000000</ChapterTimeStart>
      <ChapterDisplay>
        <ChapterString>Prévia</ChapterString>
        <ChapterLanguage>und</ChapterLanguage>
      </ChapterDisplay>
    </ChapterAtom>
  </EditionEntry>
</Chapters>
