﻿<?xml version="1.0"?>
<!-- <!DOCTYPE Chapters SYSTEM "matroskachapters.dtd"> -->
<Chapters>
  <EditionEntry>
    <EditionUID>9864042987727574062</EditionUID>
    <ChapterAtom>
      <ChapterTimeStart>00:00:00.000000000</ChapterTimeStart>
      <ChapterUID>15100928328753364610</ChapterUID>
      <ChapterDisplay>
        <ChapterString>Episódio</ChapterString>
        <ChapterLanguage>por</ChapterLanguage>
      </ChapterDisplay>
    </ChapterAtom>
    <ChapterAtom>
      <ChapterTimeStart>00:08:21.459000000</ChapterTimeStart>
      <ChapterUID>3937361572776892733</ChapterUID>
      <ChapterDisplay>
        <ChapterString>Encerramento</ChapterString>
        <ChapterLanguage>por</ChapterLanguage>
      </ChapterDisplay>
    </ChapterAtom>
  </EditionEntry>
</Chapters>
