﻿<?xml version="1.0"?>
<!-- <!DOCTYPE Chapters SYSTEM "matroskachapters.dtd"> -->
<Chapters>
  <EditionEntry>
    <EditionUID>950091337971937876</EditionUID>
    <ChapterAtom>
      <ChapterTimeStart>00:00:00.000000000</ChapterTimeStart>
      <ChapterDisplay>
        <ChapterString>Abertura</ChapterString>
        <ChapterLanguage>und</ChapterLanguage>
      </ChapterDisplay>
      <ChapterUID>16503882712874146230</ChapterUID>
    </ChapterAtom>
    <ChapterAtom>
      <ChapterTimeStart>00:01:31.049000000</ChapterTimeStart>
      <ChapterDisplay>
        <ChapterString>Parte A</ChapterString>
        <ChapterLanguage>und</ChapterLanguage>
      </ChapterDisplay>
      <ChapterUID>1936846028981419562</ChapterUID>
    </ChapterAtom>
    <ChapterAtom>
      <ChapterTimeStart>00:13:00.988000000</ChapterTimeStart>
      <ChapterDisplay>
        <ChapterString>Parte B</ChapterString>
        <ChapterLanguage>und</ChapterLanguage>
      </ChapterDisplay>
      <ChapterUID>11135573854961097614</ChapterUID>
    </ChapterAtom>
    <ChapterAtom>
      <ChapterTimeStart>00:21:58.066000000</ChapterTimeStart>
      <ChapterDisplay>
        <ChapterString>Encerramento</ChapterString>
        <ChapterLanguage>und</ChapterLanguage>
      </ChapterDisplay>
      <ChapterUID>12534010524959926976</ChapterUID>
    </ChapterAtom>
    <ChapterAtom>
      <ChapterTimeStart>00:23:28.031000000</ChapterTimeStart>
      <ChapterDisplay>
        <ChapterString>Prévia</ChapterString>
        <ChapterLanguage>und</ChapterLanguage>
      </ChapterDisplay>
      <ChapterUID>8942483556486341137</ChapterUID>
    </ChapterAtom>
    <ChapterAtom>
      <ChapterTimeStart>00:23:57.936000000</ChapterTimeStart>
      <ChapterDisplay>
        <ChapterString>Créditos</ChapterString>
        <ChapterLanguage>und</ChapterLanguage>
      </ChapterDisplay>
      <ChapterUID>11072166068417515970</ChapterUID>
    </ChapterAtom>
  </EditionEntry>
</Chapters>
